article_id,article_url,city,article_title,article_description,article_image
trfykh9ngakrff6wfv3d0d36ofe9martcl,https://kumparan.com/berita-terkini/mengenal-gunung-leuser-taman-nasional-di-indonesia-di-aceh-211OGymMuFm/2,Aceh,"Mengenal Gunung Leuser, Taman Nasional di Indonesia di Aceh","Taman Nasional Gunung Leuser adalah salah satu dari enam taman nasional yang terletak di Pulau Sumatera, Indonesia. Taman nasional ini merupakan salah satu kawasan lindung yang penting bagi flora dan fauna endemik, termasuk spesies langka seperti orangutan Sumatera, harimau Sumatera, dan gajah Sumatera.",https://upload.wikimedia.org/wikipedia/commons/thumb/2/2b/Taman_Nasional_Gunung_Leuser.jpg/375px-Taman_Nasional_Gunung_Leuser.jpg
trfyk0fw0x58ixy4b7s3gu73wioonartcl,https://tabloidsinartani.com/detail/indeks/agri-usaha/20521-Hoco-Coffee-Kedai-Kopi-Arabika-dengan-Suasana-Rumahan,Aceh,"Hoco Coffee, Kedai Kopi Arabika dengan Suasana Rumahan","Aceh telah lama dikenal dengan julukan 1001 kedai kopi, hingga sekarang konsep kedai kopi di Aceh pun semakin beragam. Tidak terkecuali dengan Hoco Coffee atau House of Coffee yang tampil unik menggunakan bangunan rumah 1990-an dengan perabot dan hiasan yang tidak kalah klasik. Tampilan tua dan klasik ini semakin menarik dengan tambahan aksen batu bata yang dibiarkan terbuka di beberapa tembok sehingga menjadi ajang swafoto bagi konsumen yang hadir.",https://assets.pikiran-rakyat.com/crop/0x0:0x0/x/photo/2023/10/29/4276404227.jpg
trfyqgbg1aalnpk1b6vjkzilv2hqhartcl,https://disparda.baliprov.go.id/keunikan-desa-wisata-penglipuran-bali-yang-perlu-di-ketahui-wisatawan/2022/06/,Bali,"Keunikan Desa Wisata Penglipuran-Bali, yang perlu di Ketahui Wisatawan.","Desa Wisata Penglipuran adalah sebuah desa wisata yang terletak di Kabupaten Bangli, Bali, Indonesia. Desa ini terkenal karena keindahan arsitektur tradisional Bali dan kelestariannya yang terjaga dengan baik. Penglipuran sering dijuluki sebagai ""desa adat Bali yang terbersih"" karena kepedulian warganya terhadap kebersihan dan kerapian desa.",https://lovebali.baliprov.go.id/storage/touriest_destinations/img-15959947935f20f2a929f60.jpg
trfy8r65pcoehzhplxvbq72z7jt8zartcl,https://www.psbb.id/news/detail/829/ayam-betutu-cita-rasa-warisan-budaya-tak-benda-nasional,Bali,"Ayam Betutu, Cita Rasa Warisan Budaya Tak Benda Nasional","Ayam betutu merupakan masakan khas dari Bali. Menurut ahli Gastronomi, Betutu adalah garis walacenya seni kuliner nusantara. Pembatas antara Seni makanan Barat dan Timur Di Indonesia. Peralihan dari makanan manis di Jawa, ke makanan pedas di Timur. Betutu sudah mendapat penetapan sebagai Warisan Budaya Tak benda (WBTB) Indonesia.",https://ibunia.com/wp-content/uploads/2021/05/Ayam-betutu-mendapatkan-sertifikat-halal-MUI-Bali.jpg
trfy6mj34r59e7tz0y2insdmlwz1vartcl,https://kumparan.com/seputar-bandung/sensasi-seru-rafting-di-sungai-palayangan-bandung-228ZFx3smZX,Bandung,"Sensasi Seru Rafting di Sungai Palayangan, Bandung","Sungai Palayangan terletak di Kawasan Objek Wisata Situ Cileunca Pangalengan Kab. Bandung, sekitar 45 Km atau kurang lebih 2 jam perjalanan dari pusat Kota Bandung. Adalah lokasi Arung Jeram yang paling Populer di Kawasan Bandung Selatan karena memiliki beberapa kelebihan dibandingkan dengan sungai-sungai yang lain.",https://blogger.googleusercontent.com/img/b/R29vZ2xl/AVvXsEhZQPrlcaXHbjMbfJMJNXes2wcKIYc8xn0qXVZyNZuAk0qmGXuuLehlZXE1JDRLbcf49BOdhgWq9azfh183HZQAXo475KnEsNCnDu2vr8L0_235MeXtqY2Y6mlmaYXirLWWbvocjyqA-IQq/s1600/rafting-di-sungai-palayangan-bandug+(1).jpg
trfycni7uwaux64s1jj28h0ezgsatartcl,https://kumparan.com/seputar-bandung/de-sanirasa-menikmati-makanan-khas-sunda-dan-western-di-teras-rindang-22f6aqoDW4b,Bandung,"De Sanirasa, Menikmati Makanan Khas Sunda dan Western di Teras Rindang","De Sanirasa adalah restoran yang terletak di wilayah Bandung Utara. Tempat makan ini menyediakan makanan khas Indonesia dan juga makanan Western. Tempat makan ini juga sangat aesthetic dan instagramable, sehingga cocok menjadi latar berfoto.",https://dzglkev4c34xb.cloudfront.net/horego.com/coblong/restaurant/de-sanirasa-restoran-nusantara-bandung/main_banner/thumbnail/af1qipp_xdyfcyqyxjx3enizlta2jnvbtiiqjgkyvuew.jpg
trfy0w9xd29daju5abhyufg27kqi4artcl,https://travel.kompas.com/read/2020/08/13/090900827/9-tempat-wisata-di-taman-nasional-ujung-kulon-yang-bisa-dikunjungi?page=all,Banten,9 Tempat Wisata di Taman Nasional Ujung Kulon yang Bisa Dikunjungi,"Taman nasional ini terkenal karena keindahan alamnya, termasuk hutan hujan tropis, pantai-pantai yang eksotis, dan keanekaragaman hayati yang melimpah. Selain itu, Taman Nasional Ujung Kulon juga menjadi tempat perlindungan bagi spesies langka seperti badak bercula satu.",https://asset.kompas.com/crops/5-idlTwvFmb2zgV_z3DdCaM9qAU=/91x86:943x654/750x500/data/photo/2020/07/25/5f1bd7a977d15.jpg
trfy1104ty3exw813xeyji5yc5z8fartcl,https://www.traveloka.com/id-id/explore/culinary/makanan-khas-banten-acc/84116,Banten,Makanan Khas Banten yang Wajib Kamu Icip,"Banten punya banyak tempat wisata. Dekatnya provinsi ini dengan Jawa Barat dan juga DKI Jakarta, membuat Banten menjadi tempat untuk refreshing sejenak. Pantai Tanjung Lesung, Pantai Carita, Pantai Sawarna, dan juga Taman Nasional Ujung Kulon, sering kali jadi tempat semacam short escape bagi penduduk ibu kota. Namun jangan salah, selain tempat wisata, Banten juga punya daya tarik yang lain, yakni makanan khasnya.","https://ik.imagekit.io/tvlk/blog/2021/06/sate-bandeng-_shutterstock_1893274882.jpg?tr=dpr-2,w-675"
trfy43uvdjsbpbr4c42yb9odkpmu6artcl,https://travel.detik.com/domestic-destination/d-7306543/kilas-balik-perjalanan-mangunan-jadi-desa-wisata-tersohor,Bantul,Kilas Balik Perjalanan Mangunan Jadi Desa Wisata Tersohor,"Desa Wisata Mangunan terletak di Kabupaten Bantul, Yogyakarta, Indonesia. Desa wisata ini terkenal dengan keindahan alamnya yang asri, terutama pemandangan dari bukit Mangunan yang mempesona. Di Desa Wisata Mangunan, pengunjung dapat melakukan berbagai aktivitas seperti hiking, camping, atau sekadar menikmati keindahan alam yang menakjubkan.",https://akcdn.detik.net.id/community/media/visual/2024/04/23/kebun-buah-mangunan-bantul-yogyakarta_169.jpeg?w=700&q=90
trfy6lmt9wgreiv1ugcdcf505q8y9artcl,https://www.detik.com/jogja/kuliner/d-7018956/7-rekomendasi-kuliner-seafood-di-jogja-dijamin-nggak-nyesel,Bantul,"7 Rekomendasi Kuliner Seafood di Jogja, Dijamin Nggak Nyesel!","Kota Jogja terkenal dengan kuliner tradisionalnya, misalnya saja menu legendaris seperti gudeg, sate klatak, hingga mangut lele telah tersebar ke berbagai penjuru. Namun, nyatanya Jogja juga memiliki segudang pilihan resto untuk menikmati seafood yang enak, lho!",https://asset-2.tstatic.net/jogja/foto/bank/images/udang-sarang-madu-balae-ayu-giwangan.jpg
trfyce8pavkh9ngakrff6wfv3d0d3artcl,https://www.infopublik.id/kategori/cerita-khas/136506/index.html,Banyuwangi,"""Blue Fire"" Kawah Ijen, Daya Tarik Wisatawan Mancanegara","Kawah ini terkenal karena keindahan pemandangan alamnya, terutama fenomena api biru yang muncul di malam hari. Selain itu, Kawah Ijen juga terkenal dengan kandungan belerangnya yang menghasilkan salah satu kawah dengan asap belerang terbesar di dunia.",https://www.infopublik.id/assets/upload/headline//1_Agustus_Jauh_-_Jauh_dari_Jerman_demi_Blue_Fire_Kawah_Ijen.jpg
trfy6ofe9mk0fw0x58ixy4b7s3gu7artcl,https://food.detik.com/rumah-makan/d-5314247/huaah-tertampar-pedasnya-sego-tempong-mbok-wah-yang-bikin-nagih,Banyuwangi,Huaah! Tertampar Pedasnya Sego Tempong Mbok Wah yang Bikin Nagih,"Ke Banyuwangi wajib makan nasi tempong. Apalagi sego tempong racikan Mbok Wah, kamu harus siap tersambar pedasnya sambal ulek yang bikin nagih",https://akcdn.detik.net.id/community/media/visual/2020/12/29/huaah-tertampar-pedasnya-sego-tempong-mbok-wah-yang-bikin-nagih-4.jpeg?w=700&q=90
trfy3wioonqgbg1aalnpk1b6vjkziartcl,https://www.grid.id/read/043722921/intip-6-spot-kece-kebun-raya-cibodas-wisata-alam-paling-favorit-di-cianjur?page=all,Bogor,Intip 6 Spot Kece Kebun Raya Cibodas,Kebun Raya Cibodas menyajikan tempat wisata yang dapat dinikmati karena memiliki bermacam tempat yang menarik patut untuk disambangi para wisatawan dan dapat menambah wawasan mengenai koleksi tanaman di Kebun Raya Cibodas.,https://asset-a.grid.id/photo/2023/03/10/dsc04554jpg-20230310115137.jpg
trfylv2hqh8r65pcoehzhplxvbq72artcl,https://guide.horego.com/review-restoran-kluwih-sunda-bogor/,Bogor,Sensasi Kuliner Autentik Jawa Barat Di Restoran Kluwih Sunda Bogor,"Restoran Kluwih Sunda Bogor menjadi tempat yang memikat hati bagi para pencinta kuliner. Dengan menu autentik khas Sunda yang turun-temurun, serta harga yang sangat terjangkau, restoran ini telah mengukuhkan dirinya sebagai destinasi kuliner favorit warga lokal maupun luar kota.",https://guide.horego.com/wp-content/uploads/2023/10/profil-1-600x400.webp
trfyz7jt8z6mj34r59e7tz0y2insdartcl,https://indonesiabaik.id/infografis/taman-hutan-raya-ngurah-rai-siap-menyambut-delegasi-world-water-forum-ke-10,Denpasar,Taman Hutan Raya Ngurah Rai Siap Menyambut Delegasi World Water Forum ke-10,Taman Hutan Raya Ngurah Rai terletak di Bali dan memiliki luas sekitar 15 hektar. Tempat wisata ini terkenal dengan keanekaragaman flora dan fauna khas Pulau Bali.,https://awsimages.detik.net.id/community/media/visual/2022/11/10/tahura-ngurah-rai-bersolek-jelang-dikunjungi-delegasi-g20_169.jpeg?w=600&q=90
trfymlwz1vcni7uwaux64s1jj28h0artcl,https://www.liputan6.com/islami/read/5298870/jaminan-halal-ini-4-tempat-nasi-campur-di-bali-yang-bisa-dimakan-siapa-saja,Denpasar,"Jaminan Halal, Ini 4 Tempat Nasi Campur di Bali yang Bisa Dimakan Siapa Saja","Nasi campur merupakan sajian khas Pulau Bali yang berisi nasi dengan aneka lauk pauk. Bagi pecinta makanan pedas, sajian ini akan menjadi hidangan yang wajib dicoba.",https://cdn1-production-images-kly.akamaized.net/f8cfy3i1gO84oAdsFwwWq4QrqyI=/640x360/smart/filters:quality(75):strip_icc():format(webp)/kly-media-production/medias/1392222/original/019401900_1478008989-Nasi_Campur_Bali.jpg
trfyezgsat0w9xd29daju5abhyufgartcl,https://jasling.menlhk.go.id/berita-dan-artikel/artikel/danau-tiga-warna-magnet-flores-di-taman-nasional-kelimutu,Ende,"Danau Tiga Warna, Magnet Flores Di Taman Nasional Kelimutu","Taman Nasional Kelimutu terletak di Pulau Flores, Nusa Tenggara Timur, Indonesia. Taman nasional ini terkenal dengan danau tiga warna (Kelimutu) yang mempesona dan keindahan alamnya. Di Taman Nasional Kelimutu, pengunjung dapat menikmati panorama pegunungan yang hijau dan beragam fauna, seperti burung-burung endemik Flores.",https://asset.kompas.com/crops/HDGD6LRfMPdVTYVgLj-6iabeD6o=/0x241:4000x2908/750x500/data/photo/2022/03/08/6227322355688.jpeg
trfy27kqi41104ty3exw813xeyji5artcl,https://www.kompasiana.com/hen12684/664a2dd5c57afb7e662dc652/sate-kambing-bangkalan-abah-turi-ende-surga-kuliner-di-kota-ende,Ende,"Sate Kambing Abah Turi-Ende, Surga Kuliner Kota Ende","Kota Ende, yang terletak di Flores, Nusa Tenggara Timur, tidak hanya terkenal sebagai tempat pengasingan Bapak Proklamasi Indonesia, Ir. Soekarno, tetapi juga sebagai persinggahan menuju Taman Nasional Kelimutu yang memukau. Namun, ada satu lagi daya tarik yang membuat kota ini layak untuk disinggahi, yaitu kulinernya. Salah satu tempat makan yang sangat direkomendasikan adalah Warung Sate Kambing Abah Turi-Ende.",https://assets.kompasiana.com/items/album/2024/05/20/1000325068-664aaeadc57afb75131fc212.jpg?t=o&v=770
trfyyc5z8f43uvdjsbpbr4c42yb9oartcl,https://www.liputan6.com/lifestyle/read/5385854/6-fakta-menarik-gunung-papandayan-yang-memiliki-hutan-mati-dan-taman-edelweis-tegal-alun?page=2,Garut,6 Fakta Menarik Gunung Papandayan yang Memiliki Hutan Mati dan Taman Edelweis Tegal Alun,"Gunung Papandayan adalah gunung berapi aktif yang terletak di Garut, Jawa Barat, Indonesia. Gunung ini menawarkan pemandangan alam yang spektakuler dengan kawah berwarna-warni, sumber air panas, dan hamparan padang edelweiss. Pengunjung dapat melakukan pendakian untuk menikmati keindahan alamnya. Gunung Papandayan juga dikenal dengan aktivitas geologinya yang menarik. Tempat ini cocok bagi para pecinta alam dan pendaki yang mencari petualangan dan keunikan alam pegunungan.",https://cdn1-production-images-kly.akamaized.net/syYHp4XLyZ_4EnVelnPNTaBDjXE=/640x360/smart/filters:quality(75):strip_icc():format(webp)/kly-media-production/medias/919223/original/078022300_1436078106-6.jpg
trfydkpmu66lmt9wgreiv1ugcdcf5artcl,https://garut.inews.id/read/262916/6-tempat-wisata-kuliner-di-garut-ini-cocok-buat-nongkrong-bareng-pasangan-suguhkan-view-alam,Garut,"6 Tempat Wisata Kuliner di Garut Ini Cocok Buat Nongkrong Bareng Pasangan, Suguhkan View Alam","Wisata kuliner Garut, Jawa Barat, memang sangatlah beragam. Kota yang dijuluki ""Kota Dodol"" ini, memang sudah terkenal dengan produksi kuliner khasnya yaitu dodol. Disamping banyaknya destinasi-destinasi wisata alam yang indah dan asri, Garut  juga menawarkan tempat wisata kuliner yang hits dan populer, bahkan sudah viral di media sosial.",https://assets.pikiran-rakyat.com/crop/0x0:0x0/750x500/photo/2023/04/30/2042063005.jpg
trfy05q8y9ce8pavkh9ngakrff6wfartcl,https://www.indonesia.travel/id/id/ide-liburan/mau-liburan-seru-cobain-6-kegiatan-di-desa-wisata-nglanggeran-gunungkidul.html,Gunungkidul,"Mau Liburan Seru? Cobain 6 Kegiatan di Desa Wisata Nglanggeran, Gunungkidul","Desa Wisata Nglanggeran terletak di Kabupaten Gunungkidul, Yogyakarta, Indonesia. Desa wisata ini terkenal dengan keindahan alamnya yang asri, terutama pemandangan dari bukit Nglanggeran dan gua-gua yang ada di sekitarnya. Di Desa Wisata Nglanggeran, pengunjung dapat melakukan berbagai aktivitas seperti hiking, camping, atau sekadar menikmati keindahan alam yang mempesona.",https://joss.co.id/data/uploads/2021/09/desa-wisata-nglanggeran-2021-678x381.jpg
trfyv3d0d36ofe9mk0fw0x58ixy4bartcl,https://gunungapipurba.com/posts/detail/pawon-purba-menikmati-keindahan-desa-sekaligus-kuliner-uniknya,Gunungkidul,"PAWON PURBA, MENIKMATI KEINDAHAN DESA SEKALIGUS KULINER UNIKNYA","Tempat makan sekaligus lokasi nongkrong dengan view yang memanjakan mata, kedua makanan yang disajikan merupakan makanan khas Desa khususnya di Gunungkidul. Ada menu nasi merah sayur Lombok ijo, tempe garit, sambel bawang, trancam, sayur daun papaya, dll. Untuk Minumannya ada Es Tape Ketan, Kopi, Es Teh, Es Jeruk, dll.",http://gunungapipurba.com/storage/96de8b14-4db3-419c-9441-f3f8f90c971d/94cd1760d84fe6185a400e456585df.jpg
trfy7s3gu73wioonqgbg1aalnpk1bartcl,https://www.djarumfoundation.org/mobile/aktivitas/detail_kegiatan/1389/5/hadir-dengan-wajah-baru-galeri-indonesia-kaya-siap-kembali-sebagai-panggung-budaya-untuk-penikmat-seni,Jakarta,"Hadir Dengan Wajah Baru, Galeri Indonesia Kaya Siap Kembali Sebagai Panggung Budaya Untuk Penikmat Seni","Galeri Indonesia Kaya (disingkat GIK) adalah ruang publik yang memadukan konsep edukasi dan digital dengan tujuan untuk memperkenalkan dan mengapresiasi seni-budaya Indonesia khususnya kepada generasi muda, yang bertempat di Grand Indonesia, Jakarta, Indonesia. Galeri Indonesia Kaya digagas dan dibangun untuk menjadi ruang edutainment budaya berbasis teknologi digital yang dapat mendekatkan dan menyalurkan kreativitas berekspresi generasi muda dalam lingkup tradisi budaya nusantara. Tempat ini memiliki auditorium yang dapat digunakan untuk masyarakat yang membutuhkan tempat berkarya.",https://www.djarumfoundation.org/public/images/aktivitas/25_1684125200.png
trfy6vjkzilv2hqh8r65pcoehzhplartcl,https://www.indonesia.travel/id/id/ide-liburan/10-kuliner-jakarta-legendaris-yang-wajib-dicoba.html,Jakarta,10 Kuliner Jakarta Legendaris Yang Wajib Dicoba,"Sebagai ibu kota negara, Jakarta sudah bertahun-tahun menjadi pusat akulturasi dan asimilasi berbagai macam budaya yang ada. Latar belakang yang bervariasi itu ternyata memengaruhi dunia kuliner Jakarta, lho! Di sini bisa menjumpai beraneka ragam sajian legendaris yang mempunyai karakter berbeda-beda, mulai dari bakmi yang menggugah selera, es krim segar asli dari Italia, sampai gabus pucung yang luar biasa gurihnya.",https://v1.indonesia.travel/content/dam/indtravelrevamp/id-id/ide-liburan/10-kuliner-jakarta-legendaris-yang-wajib-dicoba/soto-betawi-h-maruf.jpg
trfyxvbq72z7jt8z6mj34r59e7tz0artcl,https://www.djkn.kemenkeu.go.id/kpknl-jambi/baca-berita/30506/Peran-Taman-Nasional-Kerinci-Seblat-dalam-Kontribusi-Penerimaan-Negara.html,Jambi,Peran Taman Nasional Kerinci Seblat dalam Kontribusi Penerimaan Negara,"Sejak tahun 2004, Kawasan TNKS telah diakui keberadaannya sebagai Situs Warisan Dunia atau World Heritage Site oleh UNESCO. Hal ini tidak terlepas dari keberadaan kawasan yang dikenal dengan keanekaragaman ekosistem yang sangat tinggi dan kekayaan plasma nutfah yang berpadu dengan budaya masyarakat setempat.",https://www.djkn.kemenkeu.go.id/files/images/2022/11/IMG_25341.jpeg
trfyy2insdmlwz1vcni7uwaux64s1artcl,https://food.detik.com/berita-boga/d-7287637/pondok-pindang-sarinade-pindang-patin-dan-tempoyak-udang-lezat-di-jambi,Jambi,Pindang Patin dan Tempoyak Udang Lezat di Jambi,"Kuliner Jambi tak kalah menarik untuk dicicipi. Sajiannya hampir mirip dengan Palembang, karena letaknya yang memang masih berdekatan. Sajian pindang banyak ditemui di sana.",https://akcdn.detik.net.id/community/media/visual/2024/04/10/pondok-pindang-sarinade-5.jpeg?w=700&q=90
trfyjj28h0ezgsat0w9xd29daju5aartcl,https://www.nativeindonesia.com/taman-nasional-meru-betiri/,Jember,"Taman Nasional Meru Betiri, Petualangan Hutan, Dan Pantai Di Jawa Timur",Taman nasional yang memiliki keanekaragaman hayati yang kaya dan ekosistem yang unik. Taman ini terkenal karena menjadi tempat berkembang biaknya penyu hijau (Chelonia mydas) dan penyu sisik (Eretmochelys imbricata).,https://www.nativeindonesia.com/foto/2021/06/Perpaduan-Alam-Yang-Mengagumkan.jpg
trfybhyufg27kqi41104ty3exw813artcl,https://wisata.viva.co.id/wisata/7592-10-rekomendasi-kuliner-asli-jember-jawa-timur-yang-wajib-dikunjungi?page=1,Jember,10 Rekomendasi Kuliner Asli Jember Jawa Timur yang Wajib Dikunjungi,"Jember, Jawa Timur terkenal dengan berbagai macam kuliner lezat dan menggoda selera. Mulai dari hidangan yang gurih, pedas, manis, hingga segar, semua tersedia di Jember. Bagi para pecinta kuliner, Jember adalah surga yang wajib dikunjungi.",https://www.beritaradar.com/wp-content/uploads/2023/09/Sate.jpg
trfyxeyji5yc5z8f43uvdjsbpbr4cartcl,https://indonesia.go.id/kategori/pariwisata/6789/mari-berpetualang-ke-karimunjawa-cagar-biosfer-dunia?lang=1,Jepara,"Mari Berpetualang ke Karimunjawa, Cagar Biosfer Dunia","Taman Nasional Karimunjawa adalah sebuah taman nasional yang terletak di Kepulauan Karimunjawa, Jawa Tengah, Indonesia. Taman nasional ini terkenal karena keindahan alam bawah lautnya, pantai-pantai beasir putih, dan keanekaragaman hayati yang melimpah.",https://indonesia.go.id/assets/upload/headline/29D06E22-1D6B-46AB-853A-B5BEFF9620F2_thumb.jpeg
trfy42yb9odkpmu66lmt9wgreiv1uartcl,https://www.panturapost.com/kuliner/2074580174/sudah-berjualan-sejak-1972-inilah-salah-satu-tempat-kuliner-legendaris-di-jepara,Jepara,"Sudah Berjualan Sejak 1972, Inilah Salah Satu Tempat Kuliner Legendaris di Jepara","Berada di Jepara, tidak lengkap rasanya tanpa menyambangi wisata kuliner khas Kabupaten ini. Salah satu tempat kuliner legendaris yang terdapat di Kabupaten Jepara ialah Sate Kerbau Bp Haji Darno.",https://static.promediateknologi.id/crop/0x0:0x0/0x0/webp/photo/p2/207/2024/04/25/Screenshot_20240425-115905_Maps-2181619606.jpg
trfygcdcf505q8y9ce8pavkh9ngakartcl,https://bafageh.com/blog/Taman-Nasional-Betung-Kerihun-Menikmati-Keanekaragaman-Hayati-Indonesia-di-Wilayah-Perbatasan,Kapuas Hulu,Menikmati Keanekaragaman Hayati Indonesia di Wilayah Perbatasan,Taman Nasional Betung Kerihun terletak di wilayah perbatasan antara Kalimantan Barat dan Kalimantan Tengah. Taman nasional ini memiliki luas sekitar 800.000 hektar dan termasuk dalam daerah dataran rendah hingga pegunungan dengan ketinggian mencapai 2.278 meter di Gunung Lawit. Taman nasional ini merupakan salah satu tempat wisata alam yang menarik untuk dikunjungi karena keanekaragaman hayati yang dimilikinya.,https://bafageh.com/uploads/images/blog/593020_tumb.png
trfyrff6wfv3d0d36ofe9mk0fw0x5artcl,https://pagaralampos.bacakoran.co/read/13800/kenikmatan-tersembunyi-8-makanan-khas-kapuas-hulu-yang-menggugah-selera,Kapuas Hulu,"Kenikmatan Tersembunyi, 8 Makanan Khas Kapuas Hulu yang Menggugah Selera","Kapuas Hulu, sebuah kabupaten yang terletak di Provinsi Kalimantan Barat, Indonesia, menyimpan kekayaan kuliner yang khas dan menggugah selera. Dengan keanekaragaman budaya dan alamnya yang menakjubkan, Kapuas Hulu juga dikenal dengan beragam hidangan tradisional yang tidak boleh dilewatkan.",https://pagaralampos.bacakoran.co/upload/39585a19df8f264458c0235a2879bc0a.jpg
trfy8ixy4b7s3gu73wioonqgbg1aaartcl,https://www.liputan6.com/regional/read/5129903/menengok-taman-nasional-tanjung-puting-konservasi-orangutan-terbesar-di-dunia,Kotawaringin,"Menengok Taman Nasional Tanjung Puting, Konservasi Orangutan Terbesar di Dunia",Tempat konservasi orangutan sekaligus destinasi wisata ini dikenal dengan sebutan 'The Last Orangutan Sanctuary'.,https://lh3.googleusercontent.com/p/AF1QipNoSqsFDZaPdyAJgxzkvPHZZ8sc_x2alTNEDTth=s1360-w1360-h1020
trfylnpk1b6vjkzilv2hqh8r65pcoartcl,https://kalteng.tribunnews.com/2023/11/28/wisata-kuliner-kalteng-menikmati-coto-manggala-makanan-khas-pangkalan-bun-di-pinggir-sungai-arut,Kotawaringin,"Uniknya Coto Manggala, Kuliner Singkong Khas Pangkalan Bun","Bagi warga Pangkalan Bun Kabupaten Kotawaringin Barat pasti mengenal coto manggala. Kuliner coto manggala adalah soto singkong khas Pangkalan Bun, Kotawaringin Barat, Kalimantan Tengah. Manggala dalam bahasa lokal Kotawaringin Barat yang berarti singkong. ",https://lh3.googleusercontent.com/p/AF1QipOoFQ2i_Nn9AT23d-SmgGwo8ThzCrp6jaUJgoBM=s1360-w1360-h1020
trfyehzhplxvbq72z7jt8z6mj34r5artcl,https://kalbar.genpi.co/wisata/343/hutan-albasia-destinasi-wisata-terjangkau-dekat-pusat-kota,Kubu Raya,"Hutan Albasia, Destinasi Wisata Terjangkau Dekat Pusat Kota",Objek wisata alam Hutan Albasia digemari anak-anak muda karena banyak spot foto. Pepohonan yang tinggi di lokasi juga menarik dijadikan tempat hammocking.,https://lh3.googleusercontent.com/p/AF1QipOCEP0CgnOMGi-AXoa9gNSPpwSubGuJ9MjRfi_r=s680-w680-h510
trfy9e7tz0y2insdmlwz1vcni7uwaartcl,https://kalbar.harianhaluan.com/kalbar/pr-2587403158/pisang-sale-makanan-khas-kubu-raya-kalbar-yang-palin-banyak-dicari,Kubu Raya,"Pisang Sale, Makanan Khas Kubu Raya Kalbar yang Palin Banyak Dicari",Banyak para pengujung yang mampir ke tempat ini tak pernah alpa mencicipi makanan Pisang Sale yang memiliki cita rasa khas dan unik. Pisang sale adalah makanan khas Kubu Raya yang dibuat di daerah Batu Ampar. Rasanya yang nikmat membuat pisang sale ini diincar banyak para pengunjung.,https://upload.wikimedia.org/wikipedia/commons/thumb/7/73/Sale_pisang.JPG/2560px-Sale_pisang.JPG
trfyux64s1jj28h0ezgsat0w9xd29artcl,https://www.detik.com/jogja/plesir/d-7046182/kebun-teh-nglinggo-kulon-progo-wisata-alam-jogja-yang-sejuk-dan-indah,Kulon Progo,"Kebun Teh Nglinggo Kulon Progo, Wisata Alam Jogja yang Sejuk dan Indah","Jogja menjadi kota yang cukup padat dan banyak mahasiswa dan pekerja. Bagi warga jogja ataupun wisatawan yang ingin mencari kesejukan dapat mengunjungi Kebun Teh Nglinggo.
",https://lh3.googleusercontent.com/p/AF1QipMyJspgFhnWRb5vivdL_zeFjYweI8PAK1mkk77Y=s1360-w1360-h1020
trfydaju5abhyufg27kqi41104ty3artcl,https://jogja.babad.id/kuliner/103511479101/kuliner-enak-di-kulon-progo-rumah-makan-bu-hartin-ayam-gorengnya-muantap-dengan-bumbu-rahasianya,Kulon Progo,"Kuliner Enak di Kulon Progo, Rumah Makan Bu Hartin, Ayam Gorengnya Muantap Dengan Bumbu Rahasianya","Jogja, kota yang dikenal sebagai surganya wisata dan kuliner, bukanlah satu-satunya tempat yang menyimpan kekayaan kuliner di DIY (Daerah Istimewa Yogyakarta). Selain Jogja, Kulon Progo kabupaten tetangganya pun turut berkontribusi dengan kehadiran warung-warung lezat yang menggoda selera. Di tengah keberagaman itu, Rumah Makan Bu Hartin, Kulon Progo, Jogja menjadi perwakilan autentik dari kelezatan kuliner khas daerah tersebut.",https://static.promediateknologi.id/crop/0x0:0x0/750x500/webp/photo/p1/1035/2024/01/11/Ari-Soegeng-Wahyuniarti-820978187.jpg
trfyexw813xeyji5yc5z8f43uvdjsartcl,https://www.inews.id/travel/destinasi/mengenal-hutan-raya-bukit-soeharto-di-kaltim-ada-keunikan-flora-dan-fauna-yang-langka,Kalimantan Timur,"Mengenal Hutan Raya Bukit Soeharto di Kaltim, Ada Keunikan Flora dan Fauna yang Langka ","Keindahan alam yang ada di Kalimantan Timur (Kaltim) selalu menarik untuk dijelajahi. Kalimantan dikenal memiliki hutan dan perbukitan yang eksotis untuk dieksplorasi.  Salah satu yang sedang populer adalah Kawasan Hutan Raya Bukit Soeharto. Berdasarkan Peta Kawasan Konservasi di Indonesia yang dirilis oleh Kementerian Lingkungan Hidup dan Kehutanan (KLHK), kawasan Bukit Soeharto merupakan salah satu dari 28 Taman Hutan Raya yang ada di Indonesia.",https://upload.wikimedia.org/wikipedia/commons/7/77/Jalan_menuju_Taman_Hutan_Raya_Bukit_Soeharto.jpg
trfybpbr4c42yb9odkpmu66lmt9wgartcl,https://bansmkaltim.id/web/mengungkap-kenikmatan-kuliner-khas-kalimantan-timur-dari-nasi-kuning-hingga-ikan-bakar/,Kalimantan Timur,Mengungkap Kenikmatan Kuliner Khas Kalimantan Timur: Dari Nasi Kuning hingga Ikan Bakar,"Kalimantan Timur, salah satu provinsi di Indonesia yang penuh dengan kekayaan alam, budaya, dan kuliner yang menakjubkan. Selain keindahan alamnya yang menawan, Kalimantan Timur juga memiliki hidangan-hidangan lezat yang mampu memanjakan lidah setiap pelancong yang berani mencoba. Mari kita merenung bersama dalam kelezatan kuliner khas Kalimantan Timur.",https://jurnalkaltim.com/wp-content/uploads/2023/09/makanan-khas-samarinda.webp
trfyreiv1ugcdcf505q8y9ce8pavkartcl,https://jasling.menlhk.go.id/berita-dan-artikel/artikel/wajah-baru-wisata-alam-taman-nasional-way-kambas,Lampung,Wajah Baru Wisata Alam Taman Nasional Way Kambas,"Setelah lebih dari dua tahun wisata alam di Taman Nasional Way Kambas ditutup untuk umum akibat merebaknya pandemi Covid-19. Kesempatan ”istirahat” tersebut dimanfaatkan oleh pengelola Taman Nasional Way Kambas bersama masyarakat desa penyangga untuk berbenah. Direncanakan padatanggal 20 Desember 2023 wisata alam di taman nasional yang berada di Provinsi Lampung ini akan dibuka kembali (re-aktivasi) dengan konsep baru yang mengedepankan sustainability, animal welfare, dan community empowerment, serta lebih interaktif dengan beragam pilihan aktivitas wisata alam.",https://lh3.googleusercontent.com/p/AF1QipNG3uT-YgRsU5ZcGHlS8aVx0pFXDjrbUhExQ1t3=s1360-w1360-h1020
trfyh9ngakrff6wfv3d0d36ofe9mkartcl,https://lampung.idntimes.com/food/dining-guide/idn-times-hyperlocal/mie-khodon-kuliner-legendaris-khas-lampung-tekstur-tebal-dan-kenyal,Lampung,"Mie Khodon, Kuliner Legendaris Khas Lampung Tekstur Tebal dan Kenyal","Mie Khodon sejatinya dari nama penjual pertama mie ini. Mie Khodon dulunya dijual oleh Bapak Khodon, pada saat itu ia menjual mie dengan cara dipikul dan berkeliling. Namun, saat ini untuk mencicipi kuliner khas satu ini, kamu tidak perlu pusing-pusing karena sudah ada kedainya yang menetap.Mie Khodon dikenal melegendaris karena sudah berdiri sejak puluhan tahun lalu. Menariknya, pemiliknya sampai saat ini terus mempertahankan cita rasa asli dari mie ini agar tidak berubah sesuai dengan keinginan pelanggan.",https://lh3.googleusercontent.com/p/AF1QipNyzO73mOVbisbxdir4_5MtAZxfyBLYNP7qArWd=s1360-w1360-h1020
trfy0fw0x58ixy4b7s3gu73wioonqartcl,https://suarapena.com/lembah-harau-destinasi-wisata-sumbar-yang-mirip-desa-konoha-di-naruto/,Sumatera Barat,"Lembah Harau, Destinasi Wisata Sumbar yang Mirip Desa Konoha di Naruto","Lembah Harau adalah sebuah nagari yang terletak di Kabupaten Lima Puluh Kota, Sumatra Barat. Lembah ini memiliki pemandangan alam yang luar biasa, dengan tebing-tebing tinggi yang mengelilinginya. Banyak orang yang menyebut Lembah Harau sebagai Desa Konoha versi Indonesia, karena kemiripannya dengan lokasi dalam seri anime dan komik Naruto.",https://lh3.googleusercontent.com/p/AF1QipO_lhFVaWB_kPieCA8O-QJPC4JtmhU2SOQju_gc=s1360-w1360-h1020
trfygbg1aalnpk1b6vjkzilv2hqh8artcl,https://travel.kompas.com/read/2015/02/15/101100027/Mengenal.Kuliner.Khas.Sumatera.Barat,Sumatera Barat,Mengenal Kuliner Khas Sumatera Barat,"Sumatera Barat dikenal sebagai makanan bersantan dan rasa yang kuat, berbagai macam kuliner di Sumatera Barat memang kebanyakan sudah dikenal orang Indonesia. Di Sumatera Barat terdapat dua bagian yaitu darek daerah di pegunungan dan pesisir daerah di pinggiran pantai.",https://v1.indonesia.travel/content/dam/indtravelrevamp/en/trip-ideas/10-makanan-khas-sumatera-barat-yang-menggoyang-lidah/1.jpg
trfyr65pcoehzhplxvbq72z7jt8z6artcl,https://www.liputan6.com/lifestyle/read/5382168/6-fakta-menarik-gunung-rinjani-salah-satu-kawasan-geopark-dunia-yang-diakui-unesco,Lombok,"6 Fakta Menarik Gunung Rinjani, Salah Satu Kawasan Geopark Dunia yang Diakui UNESCO","Gunung Rinjani dengan tinggi 3.726 meter di atas permukaan laut (mdpl) merupakan gunung berapi tertinggi kedua di Indonesia, setelah Gunung Kerinci di Sumatera. Luas area Gunung Rinjani mendominasi lanskap pulau Lombok, Nusa Tenggara Barat (NTB) yang relatif kecil.
Mengutip dari laman resmi Rinjani National Park, Senin, 28 Agustus 2023, area sekitar Gunung Rinjani membentuk Taman Nasional Gunung Rinjani yang secara resmi seluas 41.000 hektar di dalam batas taman dan 66.000 hektar merupakan hutan lindung di luarnya. Kaldera Gunung Rinjani seluas 50 km² memiliki danau kawah Segara Anak yang menjadi salah satu tempat favorit berkemah.",https://lh5.googleusercontent.com/p/AF1QipMduRv4hZSASlR-cpfCpiSpGETRPn0sz9OCZipo=w810-h468-n-k-no
trfymj34r59e7tz0y2insdmlwz1vcartcl,https://mojok.co/terminal/sejarah-singkat-kemunculan-sate-rembiga-sate-khas-lombok-yang-fenomenal/,Lombok,"Sejarah Singkat Kemunculan Sate Rembiga, Sate Khas Lombok yang Fenomenal","Sate Rembiga merupakan salah satu kuliner khas yang cuma ada di Lombok. Saat ini, kuliner khas tersebut bahkan sudah mulai membuka cabang di luar wilayah Rembiga. Ada yang bisa dijumpai di pusat kota Mataram seperti di sekitaran daerah Cakranegara dan di Kekalik. Tidak hanya melebarkan sayap di luar Rembiga, kuliner khas ini juga sudah mulai melebarkan sayap sampai keluar Lombok.",https://lh3.googleusercontent.com/p/AF1QipMb5cwxK7-uZqfoCXIRrV0BXJQMwfP0vOBztV5s=s1360-w1360-h1020
trfyni7uwaux64s1jj28h0ezgsat0artcl,https://indonesiakaya.com/pustaka-indonesia/menikmati-keindahan-surgawi-indonesia-di-gunung-merbabu/,Magelang,Menikmati Keindahan Surgawi Indonesia di Gunung Merbabu,"Gunung Merbabu dengan ketinggian 3.142 mdpl terletak di 3 kabupaten yaitu Semarang, Boyolali, dan Magelang. Gunung Merbabu merupakan gunung api tua yang bersebelahan dengan Gunung Merapi yang merupakan salah satu gunung api aktif. Gunung Merbabu berasal dari kata “meru” yang berarti gunung dan “babu” yang berarti wanita. Gunung Merbabu dikenal sebagai gunung tidur meski sebenarnya memiliki 5 buah kawah, yaitu Kawah Condrodimuko, Kombang, Kendang, Rebab, dan Kawah Sambernyowo.",https://lh3.googleusercontent.com/p/AF1QipN8qZtPOuBbRjsVIvYqcucKYKy0ICXwPVqotBCV=s1360-w1360-h1020-rw
trfyw9xd29daju5abhyufg27kqi41artcl,https://www.kompas.id/baca/gaya-hidup/2021/04/04/tahu-pojok-magelang-panggilan-rindu-dalam-sepiring-kupat-tahu,Magelang,"Tahu Pojok Magelang, Panggilan Rindu dalam Sepiring Kupat Tahu",Warung Tahu Pojok yang sudah berdiri sejak tahun 1942 memberi kenangan tersendiri bagi para pelanggannnya. Kenangan itulah yang selalu menarik banyak orang untuk mencicipi berulang kali.,https://lh3.googleusercontent.com/p/AF1QipPop4CShgjS_dpfcDm6WDh7wa7ISi3Vb9LgDGgT=s1360-w1360-h1020
trfy104ty3exw813xeyji5yc5z8f4artcl,https://www.detik.com/edu/detikpedia/d-7094203/bromo-jadi-taman-nasional-terindah-ketiga-di-dunia-ini-profilnya,Malang,"Bromo Jadi Taman Nasional Terindah Ketiga di Dunia, Ini Profilnya","Taman Nasional Bromo Tengger Semeru (TNBTS), Jawa Timur dinobatkan sebagai The World's Most Beautiful National Parks 2023 yang dirilis Bounce. Bounce merupakan platform layanan perjalanan yang berbasis di San Francisco, California, Amerika Serikat. TNBTS berada di peringkat ketiga setelah Taman Nasional Kruger; Afrika Selatan, dan Taman Nasional Lençóis Maranhenses; Brazil. Penilaian Bounce didasarkan pada akumulasi jumlah postingan Instagram, penayangan TikTok, ulasan daring, serta pencarian kata kunci di Google sepanjang 2023.",https://lh3.googleusercontent.com/p/AF1QipMHgXYFZekXpDjL6Tlj-sAysvqb4LDg522DTeAO=s1360-w1360-h1020
trfy3uvdjsbpbr4c42yb9odkpmu66artcl,https://trofiapp.id/blog/sego-resek-kuliner-nasi-goreng-khas-malang-yang-siap-bikin-perut-kalem-356,Malang,"Sego Resek, Kuliner Nasi Goreng khas Malang yang Siap Bikin Perut Kalem!","""Resek"" dalam sego atau nasi goreng resek memiliki arti sampah. Untuk orang yang baru mengenalnya, kuliner ini biasa disebut sebagai nasi goreng sampah. Meski cara memasaknya yang tumpah ruah, penyematan kata ""resek"" atau sebutan sampah muncul bukan karena hal itu. Penyebabnya adalah karena warung yang pertama menjual nasi resek ini, yaitu Nasi Goreng Resek Kasin milik Pak Man, sempat berlokasi di dekat tempat sampah.",https://static.promediateknologi.id/crop/0x0:0x0/0x0/webp/photo/indizone/2023/04/11/Z8s4rm8/nikmatnya-sego-resek-nasi-sampah-legendaris-yang-jadi-favorit-di-kota-malang73.jpg
trfylmt9wgreiv1ugcdcf505q8y9cartcl,https://kupang.antaranews.com/berita/107091/artikel--pulau-rinca-taman-nasional-komodo-sebagai-wisata-alam-dan-edukasi,Labuan Bajo,Pulau Rinca Taman Nasional Komodo sebagai wisata alam dan edukasi,"Taman Nasional Komodo di Labuan Bajo, Manggarai Barat, Nusa Tenggara Timur, telah berbenah menjadi destinasi pariwisata kelas dunia. Taman nasional yang ditetapkan UNESCO sebagai cagar biosfer dan warisan dunia ini memiliki berbagai potensi ekowisata yang tidak hanya berfokus pada peningkatan jumlah kunjungan wisatawan, melainkan juga penerapan nilai konservasi di dalamnya.",https://lh3.googleusercontent.com/p/AF1QipM4tJAhA2sCNF1otbtu6Q6NdYwejve_I5NiGCJk=s1360-w1360-h1020
trfye8pavkh9ngakrff6wfv3d0d36artcl,https://indahnesia.net/restoran-seafood-paling-hits-di-kupang/,Labuan Bajo,"Restoran Seafood Paling Hits di Kupang, Sukses Bikin Lidah Bergoyang!","Kupang merupakan sentra dari kedai-kedai seafood yang cukup terkenal, bukan hanya karena hype, tapi juga kualitas masakannya yang fresh dan kaya akan bumbu. Kalau soal Se’i Sapi, pastinya nyaman di lidah setiap penikmatnya, dan biasanya kuliner ini yang paling digemari hampir seantero Nusantara. Tapi ternyata, sajian olahan laut di NTT juga gak kalah terkenalnya, dari ikan bakar biasa, rica-rica, sampai kuah asam yang segar dan nikmat",https://lh3.googleusercontent.com/p/AF1QipPbB6pMBa4wZb6CXKaacdmTvBbEGMQd04fHF5q1=s1360-w1360-h1020
trfyofe9mk0fw0x58ixy4b7s3gu73artcl,https://indonesiakaya.com/pustaka-indonesia/pantai-klayar-kekayaan-tersembunyi-di-bumi-pacitan/,Pacitan,"Pantai Klayar, Kekayaan Tersembunyi di Bumi Pacitan","Pesona pasir putih, ombak kristal, dan bukit karangnya, sangat sayang untuk dilewatkan pelancong ketika berkunjung ke daerah Pacitan, Jawa Timur.",https://indonesiakaya.com/wp-content/uploads/2020/10/pantai-klayar-pacitan-1200.jpg
trfywioonqgbg1aalnpk1b6vjkzilartcl,https://lifestyle.sindonews.com/berita/1513933/185/andalan-wisatawan-pacitan-nasi-tiwul-bu-gandos-emang-jos,Pacitan,"Andalan Wisatawan Pacitan, Nasi Tiwul Bu Gandos Emang Jos","Piknik ke Pacitan, Jawa Timur, tak lengkap rasanya bila tidak berwisata kuliner. Ada banyak tempat makan yang menjadi pilihan wisatawan di daerah yang dijuluki Kota Seribu Gua tersebut. Salah satu yang direkomendasikan adalah Warung Makan Bu Gandos. Tempat makan ini sangat mudah ditemukan karena lokasinya di pinggir Jalan Raya Solo-Pacitan, tepatnya di Desa Bagak, Kecamatan Sidoharjo.
",https://lh3.googleusercontent.com/p/AF1QipPNRis1o1qBXsgB7gIKKbwGrGQkDeBRPCFOECIa=s1360-w1360-h1020
trfyv2hqh8r65pcoehzhplxvbq72zartcl,https://www.infopublik.id/read/257135/nikmati-sejuk-alam-taman-raya-bung-hatta-.html,Padang,Nikmati Sejuk Alam Taman Raya Bung Hatta,"Di kota Padang  dari sekian banyak objek wisata, salah satunya  Taman Hutan Raya Bung Hatta yang berada di pinggir jalan raya, jalur Sitinjau Laut yang menghubungkan Kota Padang dengan Kabupaten Solok. Lokasi strategis, setiap hari ratusan kendaraan melewati dan mata memandangnya.",https://lh3.googleusercontent.com/p/AF1QipM-6vACQ-Vl_br1b5bYRBUuHDORM0DJQooc9wss=s1360-w1360-h1020
trfy7jt8z6mj34r59e7tz0y2insdmartcl,https://kenasih.com/restoran-lamun-ombak-padang/,Padang,RESTORAN LAMUN OMBAK PADANG: MENIKMATI WISATA KULINER PADANG YANG AUTENTIK,"Restoran Lamun Ombak Padang adalah salah satu restoran terbaik yang menyajikan makanan khas Padang. Padang, ibu kota Provinsi Sumatera Barat, tidak hanya memiliki keindahan alam yang menakjubkan, tetapi juga kuliner yang sangat terkenal. Restoran ini menawarkan pengalaman kuliner yang autentik dengan citarasa yang memikat dan suasana ramai tapi asri.",https://lh3.googleusercontent.com/p/AF1QipO4uNgN22kzIV8Qg6nagymjadIXGf8YzHNAGoAc=s1360-w1360-h1020
trfylwz1vcni7uwaux64s1jj28h0eartcl,https://www.antaranews.com/berita/3887607/menikmati-taman-wisata-alam-hutan-punti-kayu,Palembang,Menikmati Taman Wisata Alam Hutan Punti Kayu ,"Rindang pepohonan pinus yang daunnya meneduhkan langit begitu terasa saat hendak memasuki pintu gerbang Taman Wisata Alam Punti Kayu Palembang, Sumatera Selatan. Setelah memasuki gerbang tersebut, mata akan semakin dimanjakan dengan berbagai replika bangunan dunia, mulai dari tiruan Menara Eiffel, stupa Candi Borobudur, Patung Liberty, hingga fenomena ""big bang"".",https://lh3.googleusercontent.com/p/AF1QipPSINPe9mJ4arInPaqZElu6_14WyB4lg8jz74VG=s1360-w1360-h1020
trfyzgsat0w9xd29daju5abhyufg2artcl,https://www.detik.com/sumbagsel/kuliner/d-6779416/gurih-nikmat-mi-celor-26-ilir-palembang-cita-rasa-dengan-kaldu-udang,Palembang,"Gurih Nikmat Mi Celor 26 Ilir Palembang, Cita Rasa dengan Kaldu Udang","Kuliner di Palembang, Sumatera Selatan tidak hanya terkenal dengan pempeknya saja. Tapi juga ada mi celor dengan kuah kental dicampur dengan kaldu udang. Makanan ini biasa disajikan dengan toge rebus, potongan telur rebus dan bawang goreng. Mi celor enak disantap ketika masih hangat, sudah pasti membuat lidah bergoyang ketika menyantapnya.",https://akcdn.detik.net.id/community/media/visual/2023/06/18/mi-celor-dengan-kuah-kental-yang-dicampur-kalau-udang_169.jpeg?w=700&q=90
trfy7kqi41104ty3exw813xeyji5yartcl,https://jelajah.kompas.id/terumbu-karang/baca/menggali-ragam-kekayaan-teluk-cenderawasih/,Papua Barat,Menggali Ragam Kekayaan Teluk Cenderawasih,Teluk Cenderawasih sudah sejak lama menjadi surga bagi terumbu karang dan biota laut yang beraneka ragam. Posisi Teluk Cenderawasih yang menjorok ke daratan bagaikan cekungan raksasa yang menyimpan kekayaan laut yang tumbuh di dalamnya. Teluk yang berada persis di leher ”kepala burung” Pulau Papua ini bentuknya menyerupai mangkuk yang menampung perairan dalam di bagian tengahnya dan perairan dangkal di bagian tepinya.,https://lh3.googleusercontent.com/p/AF1QipMyI4KaEgWazNLiOsO3lSLbLAS4tQUqELu6omDY=s1360-w1360-h1020
trfyc5z8f43uvdjsbpbr4c42yb9odartcl,https://kids.grid.id/read/473803738/mengenal-ikan-bakar-manokwari-salah-satu-makanan-khas-papua-barat?page=all,Papua Barat,"Mengenal Ikan Bakar Manokwari, Salah Satu Makanan Khas Papua Barat","Ikan bakar Manokwari adalah salah satu hidangan khas yang berasal dari daerah Manokwari, Papua Barat, Indonesia. Hidangan ini terkenal karena cara memasak ikan yang digunakan. Caranya adalah dengan dipanggang atau dibakar di atas bara api atau arang. Proses pemanggangan ini memberikan cita rasa khas dan aroma yang lezat pada ikan. Ikan yang biasanya digunakan untuk ikan bakar Manokwari adalah jenis ikan laut.",https://asset-a.grid.id/crop/0x0:0x0/750x504/photo/2023/06/05/5jpg-20230605121120.jpg
trfykpmu66lmt9wgreiv1ugcdcf50artcl,https://www.teritorial24.com/pariwisata-dan-travelling/29364269/taman-hutan-raya-sultan-syarif-hasyim-tahura-kawasan-konservasi-alam-yang-menjadi-destinasi-wisata-dan-edukasi-di-provinsi-riau?page=1,Pekanbaru,Taman Hutan Raya Sultan Syarif Hasyim Tahura: Kawasan Konservasi Alam yang Menjadi Destinasi Wisata dan Edukasi di Provinsi Riau,"Tahura SSH menawarkan keanekaragaman satwa yang tinggi, menjadikannya tempat ideal untuk rekreasi keluarga dan menikmati alam.  Di dalam kawasan ini, pengunjung dapat menikmati berbagai wahana bermain seperti sepeda air, flying fox, speed boat, berenang, memancing, serta melihat langsung berbagai satwa asli Riau.",https://lh3.googleusercontent.com/p/AF1QipMQiDxL_gIzedUdFLDgZg6YglqjW8S68kY-qPh5=s1360-w1360-h1020
trfy5q8y9ce8pavkh9ngakrff6wfvartcl,https://www.amirariau.com/manjakan-lidah-disaat-liburan-berikut-makanan-dan-minuman-khas-pekanbaru/,Pekanbaru,"Manjakan Lidah Disaat Liburan, Berikut Makanan dan Minuman Khas Pekanbaru","Makanan khas Pekanbaru umumnya menggunakan rempah-rempah khas Nusantara yang tentu saja rasanya akan sangat endeus di lidah! Mulai dari cemilan, lauk pauk, hingga minumannya pun benar-benar legendaris dan sulit ditemui di tempat lain. Sekalipun ditemukan di tempat lain, rasanya juga akan berbeda dari tempat aslinya yakni di kota Pekanbaru.",https://lh3.googleusercontent.com/p/AF1QipN9bzrAsjfBl7cPEeWR0CB0HLbDck0jHrQTL4o7=s1360-w1360-h1020
trfy3d0d36ofe9mk0fw0x58ixy4b7artcl,https://www.detik.com/sumut/berita/d-7107893/taman-nasional-tesso-nilo-tempat-wisata-dan-belajar-tentang-flora-fauna,Pelalawan,"Taman Nasional Tesso Nilo, Tempat Wisata dan Belajar Tentang Flora-Fauna","Bagi kalian pecinta wisata alam, Taman Nasional Tesso Nilo (TNTN) adalah salah satu tempat yang wajib banget dikunjungi. Pasalnya TNTN menyajikan keindahan alam yang masih asri serta bisa menjadi destinasi wisata sekaligus wahana edukasi pelestarian alam dan lingkungan.",https://lh3.googleusercontent.com/p/AF1QipPFuKnhCgsJ7uYGq5m4GgmhEtQsld06CgkcYKPh=s1360-w1360-h1020
trfys3gu73wioonqgbg1aalnpk1b6artcl,https://tribunpekanbarutravel.tribunnews.com/2024/06/01/asam-pedas-baung-menu-wajib-di-rumah-makan-khas-melayu-pelalawan,Pelalawan,"Asam Pedas Baung, Menu Wajib di Rumah Makan Khas Melayu Pelalawan","Makanan khas dari Kabupaten Pelalawan Provinsi Riau bernama asam pedas ikan baung telah dikenal luas oleh masyarakat. Terang saja, nasakan ini menjadi menu utama di setiap rumah makan, khususnya rumah makan khas Melayu. Hampir setiap restoran menyediakan ikan baung dengan rasa asam bercampur pedas, sesuai dengan namanya. Meski bisa juga ditemui di wilayah Provinsi Riau lainnya, namun ada ciri khas rasa tersendiri.
",https://cdn1-production-images-kly.akamaized.net/7drGeBBCbh8yAjo3Y68dNK-D6Pw=/0x175:3887x2366/1200x675/filters:quality(75):strip_icc():format(jpeg)/kly-media-production/medias/3575627/original/036506200_1631934080-shutterstock_114114487.jpg
trfyvjkzilv2hqh8r65pcoehzhplxartcl,https://www.kompas.id/baca/nusantara/2021/10/31/tahura-wan-abdul-rachman-dikembangkan-jadi-kawasan-wisata-hutan,Pesawaran,Tahura Wan Abdul Rachman Dikembangkan Jadi Kawasan Wisata Hutan,"Taman Hutan Raya Wan Abdul Rachman, Bandar Lampung, dikembangkan sebagai kawasan wisata hutan sebagai terapi menghilangkan stres.",https://dkonten.com/wp-content/uploads/2020/09/gerbang-tahura.jpg
trfyvbq72z7jt8z6mj34r59e7tz0yartcl,https://yopiefranz.com/2024/01/sambal-mewah-bernoeng/,Pesawaran,"Sambal Mewah Bernoeng, Kulineran Mepet Sawah di Gedongtataan","Sambal Mewah Bernoeng adalah sebuah rumah makan yang menawarkan konsep pedesaan tradisional dengan ornamen kayu dan bangunan klasik. Restoran ini menyajikan berbagai macam makanan tradisional. Mulai dari karedok, bebek goreng, ayam goreng, dan masih banyak lagi.",https://yopiefranz.com/wp-content/uploads/2024/01/Review-Rumah-Makan-Resto-Sambal-Mewah-Bernoeng-Gedongtataan-Pesawaran-Yopie-Pangkey.webp
trfy2insdmlwz1vcni7uwaux64s1jartcl,https://rimbakita.com/taman-nasional-kutai/,Kutai Timur,"Taman Nasional Kutai – Alam, Flora Fauna & Wisata","Taman Nasional Kutai atau lebih sering disebut sebagai TNK merupakan taman nasional yang terletak di Kabupaten Kutai Timur serta sebagian wilayah dari Kota Bontang. Total luas lahan TN Kutai sebesar 192.709,55 ha. Ada banyak hal yang menjadi daya tarik dari taman nasional ini, sehingga mampu mendatangkan banyak pengunjung. Daya tarik tersebut terutama terletak pada kondisi alam dan berbagai objek wisata taman nasional yang dapat dikunjungi.",https://authentic-indonesia.com/wp-content/uploads/2020/07/mangrove-forest-in-kutai-national-park.jpg
trfyj28h0ezgsat0w9xd29daju5abartcl,https://lelungan.net/kabupaten-kutai-timur/restoran/bebek-dan-ayam-goreng-pak-ndut-sangatta,Kutai Timur,Restoran Unik dan Enak di Kabupaten Kutai Timur: Bebek dan Ayam Goreng Pak Ndut Resto,"Bebek dan Ayam Goreng Pak Ndut Sangatta adalah restoran yang terkenal di Kabupaten Kutai Timur. Restoran ini menyajikan hidangan bebek dan ayam goreng yang lezat dan menggugah selera. Makanan yang disajikan di restoran ini terkenal dengan cita rasa khas yang menggoda lidah. Bebek dan ayamnya digoreng dengan sempurna, sehingga kulitnya menjadi renyah dan dagingnya tetap juicy. Restoran ini juga menawarkan berbagai pilihan saus dan sambal yang dapat menambah kelezatan hidangan. Dengan suasana yang nyaman dan pelayanan yang ramah, Bebek dan Ayam Goreng Pak Ndut Sangatta menjadi tempat yang populer bagi para penggemar kuliner di Kabupaten Kutai Timur.",https://farm5.staticflickr.com/4410/37192554311_d9d4426bec_h.jpg
trfyhyufg27kqi41104ty3exw813xartcl,https://www.jawapos.com/travelling/014609691/intip-keunikan-wisata-religi-gua-maria-kerep-ambarawa-di-jawa-tengah-ada-patung-setinggi-42-meter?page=2,Semarang,"Intip! Keunikan Wisata Religi Gua Maria Kerep Ambarawa di Jawa Tengah, Ada Patung Setinggi 42 Meter!","Gua Maria Kerep Ambarawa (GMKA) merupakan salah satu tempat ziarah Katolik ternama di Jawa Tengah, bahkan di Indonesia. Gua Maria Kerep Ambarawa menawarkan ketenangan dan kedamaian bagi umat yang ingin berdoa, berziarah, dan mencari ketenangan jiwa. Keunikan Gua Maria Kerep Ambarawa tidak hanya terletak pada aspek spiritualitasnya, tetapi juga pada lokasinya yang memukau. Gua ini terletak di kawasan perbukitan, sehingga pengunjung akan disuguhkan dengan pemandangan alam yang hijau dan udara yang segar.",https://1.bp.blogspot.com/-UCjBvViEf1I/W3cwjXDs7OI/AAAAAAAARPo/S0cHuE_Gzs84HUONb2TZ-zJGngyRcuWGQCEwYBhgL/s1600/IMG_20180507_084301-02.jpeg
trfyeyji5yc5z8f43uvdjsbpbr4c4artcl,https://kulinerkota.com/kepala-manyung-bu-fat/,Semarang,"Kepala Manyung Bu Fat, Kelezatan Kepala Mangut Tiada Tara!","Salah satu restoran yang menyajikan hidangan ikan yang lezat adalah warung Kepala Manyung bu Fat. Didirikan pada tahun 1969, warung ini sudah menjadi legendaris dan favorit masyarakat untuk menyantap ikan khususnya mangut. Mangut dalam bahasa Jawa berarti olahan ikan yang dimasak dengan bumbu cabai dan santan kental. Menu andalannya adalah menu Kepala Manyung, ikan asap yang disiram kuah kental dan potongan cabai. Cita rasa yang pedas dan gurih sangat enak disantap selagi panas.",https://phinemo.com/wp-content/uploads/2018/03/19764895_1355337467847025_5707818984410185728_n-1024x1024.jpg
trfy2yb9odkpmu66lmt9wgreiv1ugartcl,https://www.detik.com/jatim/wisata/d-7114359/10-spot-menarik-taman-nasional-baluran-situbondo,Situbondo,10 Spot Menarik Taman Nasional Baluran Situbondo,"Taman Nasional Baluran merupakan salah satu taman nasional di Indonesia yang dapat dijumpai di kawasan Banyuputih, Situbondo, Jawa Timur. Kawasan wisata ini menjadi sangat populer di kalangan wisatawan karena memiliki sejumlah pesona yang tidak bisa dilewatkan. Penamaan kawasan taman nasional ini diambil berdasarkan nama gunung yang berada di kawasan tersebut, yaitu Gunung Baluran.",https://thumb.spotlight.id/image/2023/02/08/786306978216e3947b2f055d322fef93-Taman-Nasional-Baluran.png
trfycdcf505q8y9ce8pavkh9ngakrartcl,https://jatim.idntimes.com/food/dining-guide/m-imron-fauzi/rumah-makan-seafood-bakar-di-situbondo-c1c2?page=all,Situbondo,"5 Rumah Makan Seafood Bakar di Situbondo, Terlezat","Situbondo merupakan salah satu Kabupaten yang berlokasi di bagian timur Jawa Timur. Kabupaten ini sangat terkenal dengan wisata pantainya yang indah dan menawan. Selain pantai, Situbondo juga memiliki kuliner dengan cita rasanya yang otentik, seperti seafood bakar. Berikut ini ada 5 rekomendasi kuliner seafood bakar yang ada di Situbondo. Seafood yang diolah masih segar dan baru didapat dari nelayan.",https://cdn.idntimes.com/content-images/community/2023/09/whatsapp-image-2023-09-18-at-225233-b69131d0e63c1e8764173f4db6e9487c-a9ceefb02cb30025fdb7bc8732c9f21e.jpeg
trfyff6wfv3d0d36ofe9mk0fw0x58artcl,https://travel.tempo.co/read/1807301/candi-prambanan-dikunjungi-18-700-umat-hindu-yang-melakukan-peribadatan-sepanjang-2023,Sleman,Candi Prambanan Dikunjungi 18.700 Umat Hindu yang Melakukan Peribadatan sepanjang 2023,"Candi Prambanan dikenal sebagai salah satu warisan leluhur Nusantara. Setiap tahun, candi yang berada di Yogyakarta itu didatangi oleh jutaan wisatawan lokal maupun mancanegara. Kini, candi peninggalan abad ke-9 itu tak hanya jadi tujuan wisata, tapi juga salah satu pusat peribadatan umat Hindu.",https://beritasmart.com/wp-content/uploads/2022/01/Candi-Prambanan-Sleman-e1641613024841.jpg
trfyixy4b7s3gu73wioonqgbg1aalartcl,https://www.hipwee.com/travel/meatless-monday-indonesia-review-kuliner-plant-based-jejamuran-sleman/,Sleman,"Surganya Kuliner dan Budidaya Jamur, Resto Jejamuran Cocok Banget Buat yang #CariKulinerNabati","Jamur sebagai salah satu bahan makanan yang sehat dan juga bergizi sangat diminati oleh banyak orang. Salah satu bukti bahwa jamur sangat digemari dapat dilihat dari banyaknya jenis makanan yang didasari oleh jamur. Oleh karena itu, tidak sedikit pula yang menjadikan jamur sebagai peluang bisnis. Salah satunya adalah restoran yang berlokasi di Yogyakarta tepatnya di Kabupaten Sleman, Jejamuran.",https://www.garnesia.com/images/vendor/v4723.jpg
trfynpk1b6vjkzilv2hqh8r65pcoeartcl,https://www.detik.com/jabar/wisata/d-7337443/9-wisata-di-ciater-subang-untuk-liburan-pemandian-air-panas-curug,Subang,"9 Wisata di Ciater Subang untuk Liburan, Pemandian Air Panas-Curug","Kawasan Ciater Subang bisa jadi tujuan wisata bagi kamu yang ingin liburan bareng keluarga. Di sana ada banyak objek wisata yang dapat didatangi, mulai dari pemandian air panas, kebun teh, sampai curug. Wisata di Kecamatan Ciater, Kabupaten Subang menyuguhkan pemandangan alam menarik nan sejuk. Berbagai destinasinya pun ramah anak-anak maupun lansia.",https://anekatempatwisata.com/wp-content/uploads/2015/06/Bersantai-menikmati-guyuran-air-di-Pemandian-Air-Panas-Ciater.jpg
trfyhzhplxvbq72z7jt8z6mj34r59artcl,https://kabargarut.pikiran-rakyat.com/pariwisata/pr-3218139311/11-tempat-makan-enak-di-subang-wajib-kamu-coba-yuk-yang-jauh-mendekat-yang-dekat-merapat?page=all,Subang,"11 Tempat Makan Enak di Subang, Wajib Kamu Coba: Yuk, yang Jauh Mendekat, yang Dekat Merapat!","Subang, sebuah kabupaten di Jawa Barat yang kaya akan kuliner khas, menawarkan berbagai hidangan lezat yang menggoda selera. Dari nasi liwet hingga nasi ramen, Subang adalah surga bagi para pencinta kuliner. Namun, kali ini kita tidak hanya membahas makanan khasnya, tetapi juga tempat makan terbaik di Subang yang wajib kamu kunjungi.",https://assets.pikiran-rakyat.com/crop/0x0:0x0/x/photo/2023/10/09/3037788875.jpg
trfye7tz0y2insdmlwz1vcni7uwauartcl,https://www.javatravel.net/curug-sukabumi,Sukabumi,15 Curug (Air Terjun) di Sukabumi yang Lagi Hits Dikunjungi,"Sukabumi menjadi salah satu daerah di Jawa Barat yang memiliki potensi wisata alam yang melimpah. Tak hanya memiliki banyak pantai yang menggoda, Air terjun atau curug yang dimiliki oleh Sukabumi juga tak kalah indah. Air Terjun yang ada dijamin akan membuat anda bisa menghilangkan penat sekaligus mendapatkan pengalaman yang luarbiasa.",https://www.javatravel.net/wp-content/uploads/2020/04/Curug-Cikanteh.jpg.webp
trfyx64s1jj28h0ezgsat0w9xd29dartcl,https://traveling.maslatip.com/kuliner-sukabumi.html,Sukabumi,17 Kuliner Khas Sukabumi Legendaris Yang Terkenal Enak Wajib Dicoba,"Sukabumi merupakan salah satu daerah di Jawa Barat yang menjadi incaran banyak wisatawan. Pasalnya, ada banyak sekali pilihan tempat wisata bagus di Sukabumi untuk liburan, seperti pantai, air terjun, goa, waterpark, wahana bermain, taman wisata, hingga sajian kulinernya yang lezat menggoyah lidah. Nah, buat Anda yang kebetulan sedang berlibur ke sana, pastikan jangan melewatkan beragam makanan khas Sukabumi. Tak hanya unik, cita rasa kulinernya pun enak bikin nagih. Harganya pun murah meriah ramah di kantong. ",https://img.kliknusae.com/uploads/2021/03/kuliner-khas-sukabumi-header99.jpg
trfyaju5abhyufg27kqi41104ty3eartcl,https://panduanwisata.id/danau-toba/,Samosir,"Danau Toba: Asal Usul, Letak Wisata dan Pesonanya","Danau Toba adalah Danau terluas dan terbesar se-Asia menurut Guinness World Record dan terletak di Pegunungan Bukit Barisan. Membentang di tujuh kabupaten di Sumatera Utara, dengan panjang 87 kilometer dan lebar 27 kilometer. Selain menyandang gelar terluas se-Asia, Toba Lake juga menyandang status sebagai danau yang terdalam, dengan kedalaman mencapai 450 meter. Luasnya 1.145 km2 di mana luas ini bahkan hampir dua kali luas negara Singapura.",https://1.bp.blogspot.com/-KmzXblN74tc/XXW1PSbfaeI/AAAAAAAAHEs/fbBzWzWO8ZMx3e36Qjep0Sc9YdPOWqVOQCLcBGAs/s1600/Danau_Toba_dari_Samosir.jpg
trfyxw813xeyji5yc5z8f43uvdjsbartcl,https://www.idntimes.com/food/dining-guide/rosma-stifani/tempat-makan-di-samosir-yang-lokasinya-sekitar-danau-toba-c1c2?page=all,Samosir,6 Tempat Makan di Samosir yang Lokasinya Sekitar Danau Toba,"Danau terbesar di Indonesia ini letaknya mencakup beberapa kabupaten di Sumatra Utara. Salah satu kabupaten yang dilalui oleh Danau Toba tersebut adalah Samosir.Sebab itu, bila kamu kepengin berwisata menikmati panorama alam Danau Toba bisa dari Samosir, lho. Gak cuma berwisata, kamu juga bisa sekaligus kulineran. Berikut enam rekomendasi tempat makan di Kabupaten Samosir yang lokasinya di sekitar Danau Toba.",https://cdn.idntimes.com/content-images/community/2023/12/img-20231205-194201-b5df63cdf19e8dc789ccb28d128139c6_600x400.jpg
trfypbr4c42yb9odkpmu66lmt9wgrartcl,https://news.detik.com/berita/d-7028275/serba-serbi-museum-10-nopember-dan-tugu-pahlawan-surabaya,Surabaya,Serba-serbi Museum 10 Nopember dan Tugu Pahlawan Surabaya,"Museum Sepuluh Nopember dan Monumen Tugu Pahlawan Surabaya merupakan museum dan monumen yang didirikan untuk mengenang sejarah Pertempuran 10 November 1945 di Surabaya. Peristiwa yang diperingati sebagai Hari Pahlawan. Museum 10 Nopember dan Monumen Tugu Pahlawan Surabaya dibangun pada tahun 1991 dan diresmikan pada tahun 2000 silam. Lokasi museum dan monumen ini terletak di Jalan Pahlawan, Alun-alun Contong, Kecamatan Bubutan, Kota Surabaya.",https://lapispahlawan.co.id/uploads/2/2021-08/795-big_slider_03_31_pahlawan_surabaya.jpg.jpeg
trfyeiv1ugcdcf505q8y9ce8pavkhartcl,https://anekatempatwisata.com/kuliner-surabaya/,Surabaya,18 Tempat Wisata Kuliner Legend di Surabaya yang Wajib Dicoba,"Kota terbesar kedua di Indonesai ini tidak akan disebut Kota Pahlawan jika bukan karena sejarah panjangnya terhadap kemerdekaan bangsa. Ada banyak catatan bersejarah di sudut kota ini. Namun tidak hanya itu, Surabaya juga boleh dibilang sebagai gudang wisata kuliner. Ada banyak jenis makanan unik yang sayang untuk kamu lewatkan. Nah jika kamu berkunjung ke ibu kota Provinsi Jawa Timur ini, cobalah untuk berkunjung ke tempat-tempat wisata kuliner Surabaya berikut ini.",https://doyanayam.com/wp-content/uploads/2022/03/wisata-kuliner-wajib-suroboyo.png
trfy9ngakrff6wfv3d0d36ofe9mk0artcl,https://www.traveloka.com/id-id/explore/destination/telaga-menjer-di-wonosobo-acc/362872,Wonosobo,"Telaga Menjer, Wisata Penuh Panorama yang Tersembunyi di Wonosobo","Telaga Menjer merupakan lokasi wisata yang terletak di Desa Maron, Kecamatan Garung, Kabupaten Wonosobo. Tempat tersebut berjarak sekitar 11 km dan butuh waktu tempuh kira-kira 30 menit dari pusat kota Wonosobo. Telaga Menjer menawarkan panorama luar biasa, juga dikelilingi lingkungan yang masih sangat asri. Oleh karena itu, Telaga Menjer sangat cocok dijadikan sebagai destinasi wisata untuk melepas stres dan penat.","https://ik.imagekit.io/tvlk/blog/2024/05/dq7j2LI5-shutterstock_1400526452.jpg?tr=dpr-2,w-675"
trfyfw0x58ixy4b7s3gu73wioonqgartcl,https://deskjabar.pikiran-rakyat.com/ragam/pr-1137629209/ke-wonosobo-jangan-lupa-mencicipi-lezatnya-soto-sapi-khas-wonosobo-eds-terkenal-sejak-tahun-1986?page=all,Wonosobo,"Ke Wonosobo? Jangan Lupa Mencicipi Lezatnya Soto Sapi Khas Wonosobo EDS, Terkenal Sejak Tahun 1986","Salah satu soto yang terkenal di Kabupaten Wonosobo adalah Soto Sapi EDS yang jualannya di pusat kota Wonosobo sejak pagi hingga malam hari. Berbeda dengan soto sapi lainnya,  Soto EDS memiliki kekhasan, Daging sapi segar dengan kuah nya yang condong kerasa manis membuat  Soto EDS menjadi buruan para pencari kuliner yang datang ke Wonosobo. Berjualan sejak tahun 1986, Soto EDS sudah masuk ke generasi kedua.",https://static.promediateknologi.id/crop/39x12:806x462/750x500/webp/photo/p1/467/2023/08/31/Soto-Sapi-EDS-Wonosobo-51128419.jpg
trfybg1aalnpk1b6vjkzilv2hqh8rartcl,https://jogja.idntimes.com/travel/destination/sha-kookie/kampung-wisata-di-kali-code-jogja-c1c2?page=all,Yogyakarta,"4 Kampung Wisata di Kali Code Jogja, Tawarkan Sensasi Liburan Berbeda","Kali Code, sungai yang membelah Kota Yogyakarta, melintasi berbagai wilayah dengan pemukiman padat penduduk di sekitarnya. Meskipun dulu dihadapkan pada masalah klasik dan dikenal sebagai daerah kumuh, kini kampung-kampung di sekitar Kali Code telah berubah menjadi kawasan wisata yang potensial. Transformasi ini tidak terlepas dari peran proaktif masyarakat dan pemerintah yang bekerja sama untuk menyulap kawasan tersebut menjadi tempat yang lebih cantik dan nyaman. Inilah empat kampung wisata di sepanjang Kali Code Jogja yang wajib kamu kenal, karena menawarkan pesona dan daya tarik tersendiri bagi para pengunjung.",https://indonesiatraveler.id/wp-content/uploads/2020/03/oke-10.jpg
trfy65pcoehzhplxvbq72z7jt8z6martcl,https://jogja.idntimes.com/food/dining-guide/sha-kookie/5-resto-kampung-bule-prawirotaman-jogja-tempat-cozy-makanannya-enak-c1c2?page=all,Yogyakarta,"5 Resto Kampung Bule Prawirotaman Jogja, Tempat Cozy Makanannya Enak ","Yogyakarta merupakan kota wisata yang selalu dibanjiri wisatawan lokal maupun asing. Salah satu kawasan yang ramai dan bahkan mendapat julukan kampung bule kawasan Prawirotaman. Sebutan ini merujuk pada banyaknya turis asing yang singgah dan menginap di penginapan yang terletak di kawasan tersebut. Tak hanya ramai sebagai tempat penginapan, kawasan ini banyak terdapat bar, restoran dan kafe yang banyak menyediakan menu makanan western dan Indonesia.",https://cdn.idntimes.com/content-images/community/2022/07/fromandroid-78b78dd21fe203d14aeb55a41e610702.jpg
trfyj34r59e7tz0y2insdmlwz1vcnartcl,https://www.goodnewsfromindonesia.id/2024/02/17/pesona-lembah-harau-desa-konoha-di-sumatra-barat-yang-dulunya-adalah-lautan,Kabupaten Lima Puluh Kota,"Pesona Lembah Harau, “Desa Konoha” di Sumatra Barat yang Dulunya Adalah Lautan","Sumatra Barat memiliki berbagai keindahan bentang alam yang akan membuat takjub siapapun yang melihatnya. Hal ini pula yang membuat tujuan wisata alam di sini seakan tidak ada habisnya. Dari sekian banyaknya pesona alam yang bisa dinikmati di sini, satu yang tidak kalah menarik perhatian adalah Lembah Harau. Pemandangan perkampungan yang dikelilingi suasana alam yang hijau serta tebing tinggi di sekitarnya mungkin membuat sebagian dari Kawan GNFI teringat salah satu desa di anime Naruto, yaitu Desa Konohagakure.",https://rentalmobilpadang.co.id/wp-content/uploads/2020/03/Lembah-Harau-Wisata-Alam-Kekinian-yang-Makin-Instagramable.jpg
trfyi7uwaux64s1jj28h0ezgsat0wartcl,https://www.carikulinerindonesia.com/#rekomendasi#lima-puluh-kota#aneka_nasi#,Kabupaten Lima Puluh Kota,20 Rekomendasi Restoran Di Lima Puluh Kota Yang Menyediakan Menu Aneka Nasi,"Kalau Anda Berkunjung di Lima Puluh Kota tidak lengkap jika tidak mencoba kuliner Aneka Nasi yang disediakan oleh restoran, warung atau cafe yang terkenal dengan kelezatan rasanya. Disini kami memilih 20 restoran terbaik di Lima Puluh Kota yang menyajikan menu Aneka Nasi berdasarkan rasa, penyajian, terlaris. terfavorit dan harga menurut pembeli.",https://i0.wp.com/i.gojekapi.com/darkroom/gofood-indonesia/v2/images/uploads/ec83ede6-9345-4945-b4f8-83aaa5c33023.jpg?w=250
trfy9xd29daju5abhyufg27kqi411artcl,https://anekatempatwisata.com/10-tempat-wisata-di-pontianak-yang-wajib-dikunjungi/,Pontianak,10 Tempat Wisata di Pontianak yang Wajib Dikunjungi,"Pontianak terkenal dengan garis khatulistiwanya. Kota ini memang menjadi salah satu wilayah di dunia yang dilalui oleh garis imajinasi yang membagi bumi menjadi dua bagian, utara dan selatan. Untuk menguatkan predikatnya sebagai Kota Khatulistiwa, di Pontianak didirikan sebuah tugu tepat di lokasi yang diduga sebagai garis tengah bumi tersebut. Selain itu, Pontianak juga dilalui oleh dua sungai yaitu Sungai Kapuas dan Sungai Landak. Kedua sungai ini bahkan tergambar dalam logo kota. Tak hanya populer dengan garis khatulistiwa dan Sungai Kapuasnya, kota ini juga memiliki banyak tempat wisata yang dibanggakan.",https://superlive.id/storage/superadventure/2020/02/04/4f18652d601c.jpg
trfy04ty3exw813xeyji5yc5z8f43artcl,https://phinemo.com/kuliner-pontianak-enak-dan-legendaris/,Pontianak,Rekomendasi Kuliner Pontianak Paling Enak dan Legendaris,"Terkenal sebagai kota khatulistiwa, Pontianak seakan menjadi magnet tersendiri bagi wisatawan. Keragaman budaya Dayak, Melayu dan Tionghoa menambah keistimewaan Kota Khatulistiwa ini di mata wisatawan. Bahkan karena keragaman budaya itu,  kuliner Pontianak juga populer sangat variatif.",https://phinemo.com/wp-content/uploads/2017/12/23594516_1641361239236641_7260894878224089088_n.jpg